"ITTER107","Territorio","TIPO_DATO_FOL","Tipo dato","SEXISTAT1","Sesso","ETA1","Classe di età","TIME","Seleziona periodo","Value","Flag Codes","Flags"
"IT","Italia","UNEM_R","tasso di disoccupazione","9","totale","Y15-24","15-24 anni","2018","2018",32.208376,,
"IT","Italia","UNEM_R","tasso di disoccupazione","9","totale","Y15-24","15-24 anni","2018-Q2","T2-2018",31.5925,,
"IT","Italia","UNEM_R","tasso di disoccupazione","9","totale","Y15-24","15-24 anni","2018-Q1","T1-2018",33.775289,,
"IT","Italia","UNEM_R","tasso di disoccupazione","9","totale","Y15-24","15-24 anni","2018-Q4","T4-2018",34.119721,,
"IT","Italia","UNEM_R","tasso di disoccupazione","9","totale","Y15-24","15-24 anni","2018-Q3","T3-2018",29.253272,,
"IT","Italia","UNEM_R","tasso di disoccupazione","9","totale","Y15-24","15-24 anni","2019","2019",29.158319,,
"IT","Italia","UNEM_R","tasso di disoccupazione","9","totale","Y15-24","15-24 anni","2019-Q1","T1-2019",33.185607,,
"IT","Italia","UNEM_R","tasso di disoccupazione","9","totale","Y15-24","15-24 anni","2019-Q2","T2-2019",28.327278,,
"IT","Italia","UNEM_R","tasso di disoccupazione","9","totale","Y15-24","15-24 anni","2019-Q4","T4-2019",29.344827,,
"IT","Italia","UNEM_R","tasso di disoccupazione","9","totale","Y15-24","15-24 anni","2019-Q3","T3-2019",25.742988,,
"IT","Italia","UNEM_R","tasso di disoccupazione","9","totale","Y15-24","15-24 anni","2020","2020",29.806888,,
"IT","Italia","UNEM_R","tasso di disoccupazione","9","totale","Y15-24","15-24 anni","2020-Q2","T2-2020",24.948237,,
"IT","Italia","UNEM_R","tasso di disoccupazione","9","totale","Y15-24","15-24 anni","2020-Q1","T1-2020",30.718222,,
"IT","Italia","UNEM_R","tasso di disoccupazione","9","totale","Y15-24","15-24 anni","2020-Q3","T3-2020",31.496918,,
"IT","Italia","UNEM_R","tasso di disoccupazione","9","totale","Y15-24","15-24 anni","2020-Q4","T4-2020",31.318365,,
"IT","Italia","UNEM_R","tasso di disoccupazione","9","totale","Y15-24","15-24 anni","2021","2021",29.676103,,
"IT","Italia","UNEM_R","tasso di disoccupazione","9","totale","Y15-24","15-24 anni","2022","2022",23.703012,,
"IT","Italia","UNEM_R","tasso di disoccupazione","9","totale","Y15-24","15-24 anni","2023","2023",22.725872,,
"IT","Italia","UNEM_R","tasso di disoccupazione","9","totale","Y15-24","15-24 anni","2021-Q1","T1-2021",34.712609,,
"IT","Italia","UNEM_R","tasso di disoccupazione","9","totale","Y15-24","15-24 anni","2021-Q2","T2-2021",29.472224,,
"IT","Italia","UNEM_R","tasso di disoccupazione","9","totale","Y15-24","15-24 anni","2021-Q3","T3-2021",26.93475,,
"IT","Italia","UNEM_R","tasso di disoccupazione","9","totale","Y15-24","15-24 anni","2021-Q4","T4-2021",28.011444,,
"IT","Italia","UNEM_R","tasso di disoccupazione","9","totale","Y15-24","15-24 anni","2022-Q1","T1-2022",25.978324,,
"IT","Italia","UNEM_R","tasso di disoccupazione","9","totale","Y15-24","15-24 anni","2022-Q2","T2-2022",22.573029,,
"IT","Italia","UNEM_R","tasso di disoccupazione","9","totale","Y15-24","15-24 anni","2022-Q3","T3-2022",22.509972,,
"IT","Italia","UNEM_R","tasso di disoccupazione","9","totale","Y15-24","15-24 anni","2022-Q4","T4-2022",23.882082,,
"IT","Italia","UNEM_R","tasso di disoccupazione","9","totale","Y15-24","15-24 anni","2023-Q1","T1-2023",23.091795,,
"IT","Italia","UNEM_R","tasso di disoccupazione","9","totale","Y15-24","15-24 anni","2023-Q2","T2-2023",22.108143,,
"IT","Italia","UNEM_R","tasso di disoccupazione","9","totale","Y15-24","15-24 anni","2023-Q3","T3-2023",21.680081,,
"IT","Italia","UNEM_R","tasso di disoccupazione","9","totale","Y15-24","15-24 anni","2023-Q4","T4-2023",24.018567,,
"IT","Italia","UNEM_R","tasso di disoccupazione","9","totale","Y15-24","15-24 anni","2024-Q1","T1-2024",22.457408,,
"IT","Italia","UNEM_R","tasso di disoccupazione","9","totale","Y15-24","15-24 anni","2024-Q2","T2-2024",20.196836,,
"ITC48","Pavia","UNEM_R","tasso di disoccupazione","9","totale","Y15-24","15-24 anni","2018","2018",21.201438,,
"ITC48","Pavia","UNEM_R","tasso di disoccupazione","9","totale","Y15-24","15-24 anni","2019","2019",18.440789,,
"ITC48","Pavia","UNEM_R","tasso di disoccupazione","9","totale","Y15-24","15-24 anni","2020","2020",18.051576,,
"ITC48","Pavia","UNEM_R","tasso di disoccupazione","9","totale","Y15-24","15-24 anni","2021","2021",25.287186,,
"ITC48","Pavia","UNEM_R","tasso di disoccupazione","9","totale","Y15-24","15-24 anni","2022","2022",25.65445,,
"ITC48","Pavia","UNEM_R","tasso di disoccupazione","9","totale","Y15-24","15-24 anni","2023","2023",19.019637,,
"ITD51","Piacenza","UNEM_R","tasso di disoccupazione","9","totale","Y15-24","15-24 anni","2018","2018",18.534541,,
"ITD51","Piacenza","UNEM_R","tasso di disoccupazione","9","totale","Y15-24","15-24 anni","2019","2019",23.624954,,
"ITD51","Piacenza","UNEM_R","tasso di disoccupazione","9","totale","Y15-24","15-24 anni","2020","2020",23.835869,,
"ITD51","Piacenza","UNEM_R","tasso di disoccupazione","9","totale","Y15-24","15-24 anni","2021","2021",26.452267,,
"ITD51","Piacenza","UNEM_R","tasso di disoccupazione","9","totale","Y15-24","15-24 anni","2022","2022",20.19043,,
"ITD51","Piacenza","UNEM_R","tasso di disoccupazione","9","totale","Y15-24","15-24 anni","2023","2023",19.668759,,
"IT","Italia","UNEM_R","tasso di disoccupazione","9","totale","Y25-34","25-34 anni","2018","2018",15.782162,,
"IT","Italia","UNEM_R","tasso di disoccupazione","9","totale","Y25-34","25-34 anni","2018-Q2","T2-2018",15.632927,,
"IT","Italia","UNEM_R","tasso di disoccupazione","9","totale","Y25-34","25-34 anni","2018-Q1","T1-2018",17.014342,,
"IT","Italia","UNEM_R","tasso di disoccupazione","9","totale","Y25-34","25-34 anni","2018-Q4","T4-2018",16.146554,,
"IT","Italia","UNEM_R","tasso di disoccupazione","9","totale","Y25-34","25-34 anni","2018-Q3","T3-2018",14.314931,,
"IT","Italia","UNEM_R","tasso di disoccupazione","9","totale","Y25-34","25-34 anni","2019","2019",14.764191,,
"IT","Italia","UNEM_R","tasso di disoccupazione","9","totale","Y25-34","25-34 anni","2019-Q1","T1-2019",16.170441,,
"IT","Italia","UNEM_R","tasso di disoccupazione","9","totale","Y25-34","25-34 anni","2019-Q2","T2-2019",14.86958,,
"IT","Italia","UNEM_R","tasso di disoccupazione","9","totale","Y25-34","25-34 anni","2019-Q4","T4-2019",14.514617,,
"IT","Italia","UNEM_R","tasso di disoccupazione","9","totale","Y25-34","25-34 anni","2019-Q3","T3-2019",13.476855,,
"IT","Italia","UNEM_R","tasso di disoccupazione","9","totale","Y25-34","25-34 anni","2020","2020",14.301807,,
"IT","Italia","UNEM_R","tasso di disoccupazione","9","totale","Y25-34","25-34 anni","2020-Q2","T2-2020",12.670975,,
"IT","Italia","UNEM_R","tasso di disoccupazione","9","totale","Y25-34","25-34 anni","2020-Q1","T1-2020",13.889329,,
"IT","Italia","UNEM_R","tasso di disoccupazione","9","totale","Y25-34","25-34 anni","2020-Q3","T3-2020",15.660551,,
"IT","Italia","UNEM_R","tasso di disoccupazione","9","totale","Y25-34","25-34 anni","2020-Q4","T4-2020",14.905218,,
"IT","Italia","UNEM_R","tasso di disoccupazione","9","totale","Y25-34","25-34 anni","2021","2021",14.123189,,
"IT","Italia","UNEM_R","tasso di disoccupazione","9","totale","Y25-34","25-34 anni","2022","2022",11.416115,,
"IT","Italia","UNEM_R","tasso di disoccupazione","9","totale","Y25-34","25-34 anni","2023","2023",10.320544,,
"IT","Italia","UNEM_R","tasso di disoccupazione","9","totale","Y25-34","25-34 anni","2021-Q1","T1-2021",16.371753,,
"IT","Italia","UNEM_R","tasso di disoccupazione","9","totale","Y25-34","25-34 anni","2021-Q2","T2-2021",14.509645,,
"IT","Italia","UNEM_R","tasso di disoccupazione","9","totale","Y25-34","25-34 anni","2021-Q3","T3-2021",12.673651,,
"IT","Italia","UNEM_R","tasso di disoccupazione","9","totale","Y25-34","25-34 anni","2021-Q4","T4-2021",13.044904,,
"IT","Italia","UNEM_R","tasso di disoccupazione","9","totale","Y25-34","25-34 anni","2022-Q1","T1-2022",12.626709,,
"IT","Italia","UNEM_R","tasso di disoccupazione","9","totale","Y25-34","25-34 anni","2022-Q2","T2-2022",11.007757,,
"IT","Italia","UNEM_R","tasso di disoccupazione","9","totale","Y25-34","25-34 anni","2022-Q3","T3-2022",10.849453,,
"IT","Italia","UNEM_R","tasso di disoccupazione","9","totale","Y25-34","25-34 anni","2022-Q4","T4-2022",11.187409,,
"IT","Italia","UNEM_R","tasso di disoccupazione","9","totale","Y25-34","25-34 anni","2023-Q1","T1-2023",11.613581,,
"IT","Italia","UNEM_R","tasso di disoccupazione","9","totale","Y25-34","25-34 anni","2023-Q2","T2-2023",9.709534,,
"IT","Italia","UNEM_R","tasso di disoccupazione","9","totale","Y25-34","25-34 anni","2023-Q3","T3-2023",9.953198,,
"IT","Italia","UNEM_R","tasso di disoccupazione","9","totale","Y25-34","25-34 anni","2023-Q4","T4-2023",10.010667,,
"IT","Italia","UNEM_R","tasso di disoccupazione","9","totale","Y25-34","25-34 anni","2024-Q1","T1-2024",10.319478,,
"IT","Italia","UNEM_R","tasso di disoccupazione","9","totale","Y25-34","25-34 anni","2024-Q2","T2-2024",9.205811,,
"ITC48","Pavia","UNEM_R","tasso di disoccupazione","9","totale","Y25-34","25-34 anni","2018","2018",10.725216,,
"ITC48","Pavia","UNEM_R","tasso di disoccupazione","9","totale","Y25-34","25-34 anni","2019","2019",9.304825,,
"ITC48","Pavia","UNEM_R","tasso di disoccupazione","9","totale","Y25-34","25-34 anni","2020","2020",9.322551,,
"ITC48","Pavia","UNEM_R","tasso di disoccupazione","9","totale","Y25-34","25-34 anni","2021","2021",9.799031,,
"ITC48","Pavia","UNEM_R","tasso di disoccupazione","9","totale","Y25-34","25-34 anni","2022","2022",6.898117,,
"ITC48","Pavia","UNEM_R","tasso di disoccupazione","9","totale","Y25-34","25-34 anni","2023","2023",5.84141,,
"ITD51","Piacenza","UNEM_R","tasso di disoccupazione","9","totale","Y25-34","25-34 anni","2018","2018",7.680213,,
"ITD51","Piacenza","UNEM_R","tasso di disoccupazione","9","totale","Y25-34","25-34 anni","2019","2019",7.487555,,
"ITD51","Piacenza","UNEM_R","tasso di disoccupazione","9","totale","Y25-34","25-34 anni","2020","2020",7.852745,,
"ITD51","Piacenza","UNEM_R","tasso di disoccupazione","9","totale","Y25-34","25-34 anni","2021","2021",5.150577,,
"ITD51","Piacenza","UNEM_R","tasso di disoccupazione","9","totale","Y25-34","25-34 anni","2022","2022",8.538985,,
"ITD51","Piacenza","UNEM_R","tasso di disoccupazione","9","totale","Y25-34","25-34 anni","2023","2023",7.708797,,
"IT","Italia","UNEM_R","tasso di disoccupazione","9","totale","Y15-64","15-64 anni","2018","2018",10.769732,,
"IT","Italia","UNEM_R","tasso di disoccupazione","9","totale","Y15-64","15-64 anni","2018-Q2","T2-2018",10.86861,,
"IT","Italia","UNEM_R","tasso di disoccupazione","9","totale","Y15-64","15-64 anni","2018-Q1","T1-2018",11.750929,,
"IT","Italia","UNEM_R","tasso di disoccupazione","9","totale","Y15-64","15-64 anni","2018-Q4","T4-2018",10.987755,,
"IT","Italia","UNEM_R","tasso di disoccupazione","9","totale","Y15-64","15-64 anni","2018-Q3","T3-2018",9.461542,,
"IT","Italia","UNEM_R","tasso di disoccupazione","9","totale","Y15-64","15-64 anni","2019","2019",10.113914,,
"IT","Italia","UNEM_R","tasso di disoccupazione","9","totale","Y15-64","15-64 anni","2019-Q1","T1-2019",11.247849,,
"IT","Italia","UNEM_R","tasso di disoccupazione","9","totale","Y15-64","15-64 anni","2019-Q2","T2-2019",9.897603,,
"IT","Italia","UNEM_R","tasso di disoccupazione","9","totale","Y15-64","15-64 anni","2019-Q4","T4-2019",10.056677,,
"IT","Italia","UNEM_R","tasso di disoccupazione","9","totale","Y15-64","15-64 anni","2019-Q3","T3-2019",9.250059,,
"IT","Italia","UNEM_R","tasso di disoccupazione","9","totale","Y15-64","15-64 anni","2020","2020",9.530288,,
"IT","Italia","UNEM_R","tasso di disoccupazione","9","totale","Y15-64","15-64 anni","2020-Q2","T2-2020",8.005461,,
"IT","Italia","UNEM_R","tasso di disoccupazione","9","totale","Y15-64","15-64 anni","2020-Q1","T1-2020",9.666615,,
"IT","Italia","UNEM_R","tasso di disoccupazione","9","totale","Y15-64","15-64 anni","2020-Q3","T3-2020",10.452217,,
"IT","Italia","UNEM_R","tasso di disoccupazione","9","totale","Y15-64","15-64 anni","2020-Q4","T4-2020",9.940387,,
"IT","Italia","UNEM_R","tasso di disoccupazione","9","totale","Y15-64","15-64 anni","2021","2021",9.704693,,
"IT","Italia","UNEM_R","tasso di disoccupazione","9","totale","Y15-64","15-64 anni","2022","2022",8.226226,,
"IT","Italia","UNEM_R","tasso di disoccupazione","9","totale","Y15-64","15-64 anni","2023","2023",7.797615,,
"IT","Italia","UNEM_R","tasso di disoccupazione","9","totale","Y15-64","15-64 anni","2021-Q1","T1-2021",10.854204,,
"IT","Italia","UNEM_R","tasso di disoccupazione","9","totale","Y15-64","15-64 anni","2021-Q2","T2-2021",9.773568,,
"IT","Italia","UNEM_R","tasso di disoccupazione","9","totale","Y15-64","15-64 anni","2021-Q3","T3-2021",9.006384,,
"IT","Italia","UNEM_R","tasso di disoccupazione","9","totale","Y15-64","15-64 anni","2021-Q4","T4-2021",9.221591,,
"IT","Italia","UNEM_R","tasso di disoccupazione","9","totale","Y15-64","15-64 anni","2022-Q1","T1-2022",8.897782,,
"IT","Italia","UNEM_R","tasso di disoccupazione","9","totale","Y15-64","15-64 anni","2022-Q2","T2-2022",8.105212,,
"IT","Italia","UNEM_R","tasso di disoccupazione","9","totale","Y15-64","15-64 anni","2022-Q3","T3-2022",7.843127,,
"IT","Italia","UNEM_R","tasso di disoccupazione","9","totale","Y15-64","15-64 anni","2022-Q4","T4-2022",8.064684,,
"IT","Italia","UNEM_R","tasso di disoccupazione","9","totale","Y15-64","15-64 anni","2023-Q1","T1-2023",8.454395,,
"IT","Italia","UNEM_R","tasso di disoccupazione","9","totale","Y15-64","15-64 anni","2023-Q2","T2-2023",7.611907,,
"IT","Italia","UNEM_R","tasso di disoccupazione","9","totale","Y15-64","15-64 anni","2023-Q3","T3-2023",7.431622,,
"IT","Italia","UNEM_R","tasso di disoccupazione","9","totale","Y15-64","15-64 anni","2023-Q4","T4-2023",7.695958,,
"IT","Italia","UNEM_R","tasso di disoccupazione","9","totale","Y15-64","15-64 anni","2024-Q1","T1-2024",7.877095,,
"IT","Italia","UNEM_R","tasso di disoccupazione","9","totale","Y15-64","15-64 anni","2024-Q2","T2-2024",6.812117,,
"ITD51","Piacenza","UNEM_R","tasso di disoccupazione","9","totale","Y15-74","15-74 anni","2018","2018",5.61409,,
"ITD51","Piacenza","UNEM_R","tasso di disoccupazione","9","totale","Y15-74","15-74 anni","2019","2019",5.677097,,
"ITD51","Piacenza","UNEM_R","tasso di disoccupazione","9","totale","Y15-74","15-74 anni","2020","2020",5.857756,,
"ITD51","Piacenza","UNEM_R","tasso di disoccupazione","9","totale","Y15-74","15-74 anni","2021","2021",6.065037,,
"ITD51","Piacenza","UNEM_R","tasso di disoccupazione","9","totale","Y15-74","15-74 anni","2022","2022",6.486568,,
"ITD51","Piacenza","UNEM_R","tasso di disoccupazione","9","totale","Y15-74","15-74 anni","2023","2023",6.383688,,
"IT","Italia","UNEM_R","tasso di disoccupazione","9","totale","Y15-74","15-74 anni","2018","2018",10.584862,,
"IT","Italia","UNEM_R","tasso di disoccupazione","9","totale","Y15-74","15-74 anni","2018-Q2","T2-2018",10.671243,,
"IT","Italia","UNEM_R","tasso di disoccupazione","9","totale","Y15-74","15-74 anni","2018-Q1","T1-2018",11.560942,,
"IT","Italia","UNEM_R","tasso di disoccupazione","9","totale","Y15-74","15-74 anni","2018-Q4","T4-2018",10.800083,,
"IT","Italia","UNEM_R","tasso di disoccupazione","9","totale","Y15-74","15-74 anni","2018-Q3","T3-2018",9.298614,,
"IT","Italia","UNEM_R","tasso di disoccupazione","9","totale","Y15-74","15-74 anni","2019","2019",9.934087,,
"IT","Italia","UNEM_R","tasso di disoccupazione","9","totale","Y15-74","15-74 anni","2019-Q1","T1-2019",11.060854,,
"IT","Italia","UNEM_R","tasso di disoccupazione","9","totale","Y15-74","15-74 anni","2019-Q2","T2-2019",9.718821,,
"IT","Italia","UNEM_R","tasso di disoccupazione","9","totale","Y15-74","15-74 anni","2019-Q4","T4-2019",9.886161,,
"IT","Italia","UNEM_R","tasso di disoccupazione","9","totale","Y15-74","15-74 anni","2019-Q3","T3-2019",9.070237,,
"IT","Italia","UNEM_R","tasso di disoccupazione","9","totale","Y15-74","15-74 anni","2020","2020",9.348279,,
"IT","Italia","UNEM_R","tasso di disoccupazione","9","totale","Y15-74","15-74 anni","2020-Q2","T2-2020",7.842986,,
"IT","Italia","UNEM_R","tasso di disoccupazione","9","totale","Y15-74","15-74 anni","2020-Q1","T1-2020",9.479269,,
"IT","Italia","UNEM_R","tasso di disoccupazione","9","totale","Y15-74","15-74 anni","2020-Q3","T3-2020",10.255432,,
"IT","Italia","UNEM_R","tasso di disoccupazione","9","totale","Y15-74","15-74 anni","2020-Q4","T4-2020",9.760533,,
"IT","Italia","UNEM_R","tasso di disoccupazione","9","totale","Y15-74","15-74 anni","2021","2021",9.532253,,
"IT","Italia","UNEM_R","tasso di disoccupazione","9","totale","Y15-74","15-74 anni","2022","2022",8.092089,,
"IT","Italia","UNEM_R","tasso di disoccupazione","9","totale","Y15-74","15-74 anni","2023","2023",7.650163,,
"IT","Italia","UNEM_R","tasso di disoccupazione","9","totale","Y15-74","15-74 anni","2021-Q1","T1-2021",10.648852,,
"IT","Italia","UNEM_R","tasso di disoccupazione","9","totale","Y15-74","15-74 anni","2021-Q2","T2-2021",9.600253,,
"IT","Italia","UNEM_R","tasso di disoccupazione","9","totale","Y15-74","15-74 anni","2021-Q3","T3-2021",8.839813,,
"IT","Italia","UNEM_R","tasso di disoccupazione","9","totale","Y15-74","15-74 anni","2021-Q4","T4-2021",9.073822,,
"IT","Italia","UNEM_R","tasso di disoccupazione","9","totale","Y15-74","15-74 anni","2022-Q1","T1-2022",8.750451,,
"IT","Italia","UNEM_R","tasso di disoccupazione","9","totale","Y15-74","15-74 anni","2022-Q2","T2-2022",7.963626,,
"IT","Italia","UNEM_R","tasso di disoccupazione","9","totale","Y15-74","15-74 anni","2022-Q3","T3-2022",7.712102,,
"IT","Italia","UNEM_R","tasso di disoccupazione","9","totale","Y15-74","15-74 anni","2022-Q4","T4-2022",7.948212,,
"IT","Italia","UNEM_R","tasso di disoccupazione","9","totale","Y15-74","15-74 anni","2023-Q1","T1-2023",8.300061,,
"IT","Italia","UNEM_R","tasso di disoccupazione","9","totale","Y15-74","15-74 anni","2023-Q2","T2-2023",7.478281,,
"IT","Italia","UNEM_R","tasso di disoccupazione","9","totale","Y15-74","15-74 anni","2023-Q3","T3-2023",7.277107,,
"IT","Italia","UNEM_R","tasso di disoccupazione","9","totale","Y15-74","15-74 anni","2023-Q4","T4-2023",7.549762,,
"IT","Italia","UNEM_R","tasso di disoccupazione","9","totale","Y15-74","15-74 anni","2024-Q1","T1-2024",7.728341,,
"IT","Italia","UNEM_R","tasso di disoccupazione","9","totale","Y15-74","15-74 anni","2024-Q2","T2-2024",6.676092,,
"ITC48","Pavia","UNEM_R","tasso di disoccupazione","9","totale","Y15-74","15-74 anni","2018","2018",6.495671,,
"ITC48","Pavia","UNEM_R","tasso di disoccupazione","9","totale","Y15-74","15-74 anni","2019","2019",6.615999,,
"ITC48","Pavia","UNEM_R","tasso di disoccupazione","9","totale","Y15-74","15-74 anni","2020","2020",5.603454,,
"ITC48","Pavia","UNEM_R","tasso di disoccupazione","9","totale","Y15-74","15-74 anni","2021","2021",6.953079,,
"ITC48","Pavia","UNEM_R","tasso di disoccupazione","9","totale","Y15-74","15-74 anni","2022","2022",5.94689,,
"ITC48","Pavia","UNEM_R","tasso di disoccupazione","9","totale","Y15-74","15-74 anni","2023","2023",4.66186,,
"ITC48","Pavia","UNEM_R","tasso di disoccupazione","9","totale","Y35-49","35-49 anni","2018","2018",5.358767,,
"ITC48","Pavia","UNEM_R","tasso di disoccupazione","9","totale","Y35-49","35-49 anni","2019","2019",6.167349,,
"ITC48","Pavia","UNEM_R","tasso di disoccupazione","9","totale","Y35-49","35-49 anni","2020","2020",4.051722,,
"ITC48","Pavia","UNEM_R","tasso di disoccupazione","9","totale","Y35-49","35-49 anni","2021","2021",7.035702,,
"ITC48","Pavia","UNEM_R","tasso di disoccupazione","9","totale","Y35-49","35-49 anni","2022","2022",3.894681,,
"ITC48","Pavia","UNEM_R","tasso di disoccupazione","9","totale","Y35-49","35-49 anni","2023","2023",4.326938,,
"IT","Italia","UNEM_R","tasso di disoccupazione","9","totale","Y35-49","35-49 anni","2018","2018",8.828273,,
"IT","Italia","UNEM_R","tasso di disoccupazione","9","totale","Y35-49","35-49 anni","2018-Q2","T2-2018",8.935903,,
"IT","Italia","UNEM_R","tasso di disoccupazione","9","totale","Y35-49","35-49 anni","2018-Q1","T1-2018",10.065868,,
"IT","Italia","UNEM_R","tasso di disoccupazione","9","totale","Y35-49","35-49 anni","2018-Q4","T4-2018",8.830044,,
"IT","Italia","UNEM_R","tasso di disoccupazione","9","totale","Y35-49","35-49 anni","2018-Q3","T3-2018",7.462476,,
"IT","Italia","UNEM_R","tasso di disoccupazione","9","totale","Y35-49","35-49 anni","2019","2019",8.595733,,
"IT","Italia","UNEM_R","tasso di disoccupazione","9","totale","Y35-49","35-49 anni","2019-Q1","T1-2019",9.484678,,
"IT","Italia","UNEM_R","tasso di disoccupazione","9","totale","Y35-49","35-49 anni","2019-Q2","T2-2019",8.325052,,
"IT","Italia","UNEM_R","tasso di disoccupazione","9","totale","Y35-49","35-49 anni","2019-Q4","T4-2019",8.497389,,
"IT","Italia","UNEM_R","tasso di disoccupazione","9","totale","Y35-49","35-49 anni","2019-Q3","T3-2019",8.06843,,
"IT","Italia","UNEM_R","tasso di disoccupazione","9","totale","Y35-49","35-49 anni","2020","2020",7.891248,,
"IT","Italia","UNEM_R","tasso di disoccupazione","9","totale","Y35-49","35-49 anni","2020-Q2","T2-2020",6.703962,,
"IT","Italia","UNEM_R","tasso di disoccupazione","9","totale","Y35-49","35-49 anni","2020-Q1","T1-2020",7.963687,,
"IT","Italia","UNEM_R","tasso di disoccupazione","9","totale","Y35-49","35-49 anni","2020-Q3","T3-2020",8.679051,,
"IT","Italia","UNEM_R","tasso di disoccupazione","9","totale","Y35-49","35-49 anni","2020-Q4","T4-2020",8.188776,,
"IT","Italia","UNEM_R","tasso di disoccupazione","9","totale","Y35-49","35-49 anni","2021","2021",7.888959,,
"IT","Italia","UNEM_R","tasso di disoccupazione","9","totale","Y35-49","35-49 anni","2022","2022",6.964051,,
"IT","Italia","UNEM_R","tasso di disoccupazione","9","totale","Y35-49","35-49 anni","2023","2023",6.858041,,
"IT","Italia","UNEM_R","tasso di disoccupazione","9","totale","Y35-49","35-49 anni","2021-Q1","T1-2021",8.837715,,
"IT","Italia","UNEM_R","tasso di disoccupazione","9","totale","Y35-49","35-49 anni","2021-Q2","T2-2021",7.83484,,
"IT","Italia","UNEM_R","tasso di disoccupazione","9","totale","Y35-49","35-49 anni","2021-Q3","T3-2021",7.273633,,
"IT","Italia","UNEM_R","tasso di disoccupazione","9","totale","Y35-49","35-49 anni","2021-Q4","T4-2021",7.624935,,
"IT","Italia","UNEM_R","tasso di disoccupazione","9","totale","Y35-49","35-49 anni","2022-Q1","T1-2022",7.459628,,
"IT","Italia","UNEM_R","tasso di disoccupazione","9","totale","Y35-49","35-49 anni","2022-Q2","T2-2022",7.183764,,
"IT","Italia","UNEM_R","tasso di disoccupazione","9","totale","Y35-49","35-49 anni","2022-Q3","T3-2022",6.586469,,
"IT","Italia","UNEM_R","tasso di disoccupazione","9","totale","Y35-49","35-49 anni","2022-Q4","T4-2022",6.61902,,
"IT","Italia","UNEM_R","tasso di disoccupazione","9","totale","Y35-49","35-49 anni","2023-Q1","T1-2023",7.338852,,
"IT","Italia","UNEM_R","tasso di disoccupazione","9","totale","Y35-49","35-49 anni","2023-Q2","T2-2023",6.604767,,
"IT","Italia","UNEM_R","tasso di disoccupazione","9","totale","Y35-49","35-49 anni","2023-Q3","T3-2023",6.757806,,
"IT","Italia","UNEM_R","tasso di disoccupazione","9","totale","Y35-49","35-49 anni","2023-Q4","T4-2023",6.727673,,
"IT","Italia","UNEM_R","tasso di disoccupazione","9","totale","Y35-49","35-49 anni","2024-Q1","T1-2024",6.950392,,
"IT","Italia","UNEM_R","tasso di disoccupazione","9","totale","Y35-49","35-49 anni","2024-Q2","T2-2024",5.816911,,
"IT","Italia","UNEM_R","tasso di disoccupazione","9","totale","Y20-64","20-64 anni","2018","2018",10.444246,,
"IT","Italia","UNEM_R","tasso di disoccupazione","9","totale","Y20-64","20-64 anni","2018-Q2","T2-2018",10.588606,,
"IT","Italia","UNEM_R","tasso di disoccupazione","9","totale","Y20-64","20-64 anni","2018-Q1","T1-2018",11.43264,,
"IT","Italia","UNEM_R","tasso di disoccupazione","9","totale","Y20-64","20-64 anni","2018-Q4","T4-2018",10.582149,,
"IT","Italia","UNEM_R","tasso di disoccupazione","9","totale","Y20-64","20-64 anni","2018-Q3","T3-2018",9.162931,,
"IT","Italia","UNEM_R","tasso di disoccupazione","9","totale","Y20-64","20-64 anni","2019","2019",9.806329,,
"IT","Italia","UNEM_R","tasso di disoccupazione","9","totale","Y20-64","20-64 anni","2019-Q1","T1-2019",10.912539,,
"IT","Italia","UNEM_R","tasso di disoccupazione","9","totale","Y20-64","20-64 anni","2019-Q2","T2-2019",9.669183,,
"IT","Italia","UNEM_R","tasso di disoccupazione","9","totale","Y20-64","20-64 anni","2019-Q4","T4-2019",9.701268,,
"IT","Italia","UNEM_R","tasso di disoccupazione","9","totale","Y20-64","20-64 anni","2019-Q3","T3-2019",8.937754,,
"IT","Italia","UNEM_R","tasso di disoccupazione","9","totale","Y20-64","20-64 anni","2020","2020",9.254824,,
"IT","Italia","UNEM_R","tasso di disoccupazione","9","totale","Y20-64","20-64 anni","2020-Q2","T2-2020",7.822299,,
"IT","Italia","UNEM_R","tasso di disoccupazione","9","totale","Y20-64","20-64 anni","2020-Q1","T1-2020",9.410727,,
"IT","Italia","UNEM_R","tasso di disoccupazione","9","totale","Y20-64","20-64 anni","2020-Q3","T3-2020",10.119042,,
"IT","Italia","UNEM_R","tasso di disoccupazione","9","totale","Y20-64","20-64 anni","2020-Q4","T4-2020",9.617869,,
"IT","Italia","UNEM_R","tasso di disoccupazione","9","totale","Y20-64","20-64 anni","2021","2021",9.402401,,
"IT","Italia","UNEM_R","tasso di disoccupazione","9","totale","Y20-64","20-64 anni","2022","2022",7.970066,,
"IT","Italia","UNEM_R","tasso di disoccupazione","9","totale","Y20-64","20-64 anni","2023","2023",7.570572,,
"IT","Italia","UNEM_R","tasso di disoccupazione","9","totale","Y20-64","20-64 anni","2021-Q1","T1-2021",10.552058,,
"IT","Italia","UNEM_R","tasso di disoccupazione","9","totale","Y20-64","20-64 anni","2021-Q2","T2-2021",9.483098,,
"IT","Italia","UNEM_R","tasso di disoccupazione","9","totale","Y20-64","20-64 anni","2021-Q3","T3-2021",8.681315,,
"IT","Italia","UNEM_R","tasso di disoccupazione","9","totale","Y20-64","20-64 anni","2021-Q4","T4-2021",8.929111,,
"IT","Italia","UNEM_R","tasso di disoccupazione","9","totale","Y20-64","20-64 anni","2022-Q1","T1-2022",8.693362,,
"IT","Italia","UNEM_R","tasso di disoccupazione","9","totale","Y20-64","20-64 anni","2022-Q2","T2-2022",7.874163,,
"IT","Italia","UNEM_R","tasso di disoccupazione","9","totale","Y20-64","20-64 anni","2022-Q3","T3-2022",7.517748,,
"IT","Italia","UNEM_R","tasso di disoccupazione","9","totale","Y20-64","20-64 anni","2022-Q4","T4-2022",7.799093,,
"IT","Italia","UNEM_R","tasso di disoccupazione","9","totale","Y20-64","20-64 anni","2023-Q1","T1-2023",8.261396,,
"IT","Italia","UNEM_R","tasso di disoccupazione","9","totale","Y20-64","20-64 anni","2023-Q2","T2-2023",7.406607,,
"IT","Italia","UNEM_R","tasso di disoccupazione","9","totale","Y20-64","20-64 anni","2023-Q3","T3-2023",7.17313,,
"IT","Italia","UNEM_R","tasso di disoccupazione","9","totale","Y20-64","20-64 anni","2023-Q4","T4-2023",7.443555,,
"IT","Italia","UNEM_R","tasso di disoccupazione","9","totale","Y20-64","20-64 anni","2024-Q1","T1-2024",7.64117,,
"IT","Italia","UNEM_R","tasso di disoccupazione","9","totale","Y20-64","20-64 anni","2024-Q2","T2-2024",6.620132,,
"ITC48","Pavia","UNEM_R","tasso di disoccupazione","9","totale","Y20-64","20-64 anni","2018","2018",6.262283,,
"ITC48","Pavia","UNEM_R","tasso di disoccupazione","9","totale","Y20-64","20-64 anni","2019","2019",6.398779,,
"ITC48","Pavia","UNEM_R","tasso di disoccupazione","9","totale","Y20-64","20-64 anni","2020","2020",5.443987,,
"ITC48","Pavia","UNEM_R","tasso di disoccupazione","9","totale","Y20-64","20-64 anni","2021","2021",6.856613,,
"ITC48","Pavia","UNEM_R","tasso di disoccupazione","9","totale","Y20-64","20-64 anni","2022","2022",5.662875,,
"ITC48","Pavia","UNEM_R","tasso di disoccupazione","9","totale","Y20-64","20-64 anni","2023","2023",4.641161,,
"IT","Italia","UNEM_R","tasso di disoccupazione","9","totale","Y15-34","15-34 anni","2018","2018",19.71559,,
"IT","Italia","UNEM_R","tasso di disoccupazione","9","totale","Y15-34","15-34 anni","2018-Q2","T2-2018",19.382583,,
"IT","Italia","UNEM_R","tasso di disoccupazione","9","totale","Y15-34","15-34 anni","2018-Q1","T1-2018",21.029853,,
"IT","Italia","UNEM_R","tasso di disoccupazione","9","totale","Y15-34","15-34 anni","2018-Q4","T4-2018",20.535959,,
"IT","Italia","UNEM_R","tasso di disoccupazione","9","totale","Y15-34","15-34 anni","2018-Q3","T3-2018",17.887692,,
"IT","Italia","UNEM_R","tasso di disoccupazione","9","totale","Y15-34","15-34 anni","2019","2019",18.228867,,
"IT","Italia","UNEM_R","tasso di disoccupazione","9","totale","Y15-34","15-34 anni","2019-Q1","T1-2019",20.268774,,
"IT","Italia","UNEM_R","tasso di disoccupazione","9","totale","Y15-34","15-34 anni","2019-Q2","T2-2019",18.087614,,
"IT","Italia","UNEM_R","tasso di disoccupazione","9","totale","Y15-34","15-34 anni","2019-Q4","T4-2019",18.072348,,
"IT","Italia","UNEM_R","tasso di disoccupazione","9","totale","Y15-34","15-34 anni","2019-Q3","T3-2019",16.456824,,
"IT","Italia","UNEM_R","tasso di disoccupazione","9","totale","Y15-34","15-34 anni","2020","2020",17.94235,,
"IT","Italia","UNEM_R","tasso di disoccupazione","9","totale","Y15-34","15-34 anni","2020-Q2","T2-2020",15.385034,,
"IT","Italia","UNEM_R","tasso di disoccupazione","9","totale","Y15-34","15-34 anni","2020-Q1","T1-2020",17.90313,,
"IT","Italia","UNEM_R","tasso di disoccupazione","9","totale","Y15-34","15-34 anni","2020-Q3","T3-2020",19.556509,,
"IT","Italia","UNEM_R","tasso di disoccupazione","9","totale","Y15-34","15-34 anni","2020-Q4","T4-2020",18.718661,,
"IT","Italia","UNEM_R","tasso di disoccupazione","9","totale","Y15-34","15-34 anni","2021","2021",17.852645,,
"IT","Italia","UNEM_R","tasso di disoccupazione","9","totale","Y15-34","15-34 anni","2022","2022",14.434771,,
"IT","Italia","UNEM_R","tasso di disoccupazione","9","totale","Y15-34","15-34 anni","2023","2023",13.379384,,
"IT","Italia","UNEM_R","tasso di disoccupazione","9","totale","Y15-34","15-34 anni","2021-Q1","T1-2021",20.684963,,
"IT","Italia","UNEM_R","tasso di disoccupazione","9","totale","Y15-34","15-34 anni","2021-Q2","T2-2021",18.061047,,
"IT","Italia","UNEM_R","tasso di disoccupazione","9","totale","Y15-34","15-34 anni","2021-Q3","T3-2021",16.147331,,
"IT","Italia","UNEM_R","tasso di disoccupazione","9","totale","Y15-34","15-34 anni","2021-Q4","T4-2021",16.678212,,
"IT","Italia","UNEM_R","tasso di disoccupazione","9","totale","Y15-34","15-34 anni","2022-Q1","T1-2022",15.820024,,
"IT","Italia","UNEM_R","tasso di disoccupazione","9","totale","Y15-34","15-34 anni","2022-Q2","T2-2022",13.858382,,
"IT","Italia","UNEM_R","tasso di disoccupazione","9","totale","Y15-34","15-34 anni","2022-Q3","T3-2022",13.785108,,
"IT","Italia","UNEM_R","tasso di disoccupazione","9","totale","Y15-34","15-34 anni","2022-Q4","T4-2022",14.300313,,
"IT","Italia","UNEM_R","tasso di disoccupazione","9","totale","Y15-34","15-34 anni","2023-Q1","T1-2023",14.411584,,
"IT","Italia","UNEM_R","tasso di disoccupazione","9","totale","Y15-34","15-34 anni","2023-Q2","T2-2023",12.764894,,
"IT","Italia","UNEM_R","tasso di disoccupazione","9","totale","Y15-34","15-34 anni","2023-Q3","T3-2023",12.883091,,
"IT","Italia","UNEM_R","tasso di disoccupazione","9","totale","Y15-34","15-34 anni","2023-Q4","T4-2023",13.460333,,
"IT","Italia","UNEM_R","tasso di disoccupazione","9","totale","Y15-34","15-34 anni","2024-Q1","T1-2024",13.210744,,
"IT","Italia","UNEM_R","tasso di disoccupazione","9","totale","Y15-34","15-34 anni","2024-Q2","T2-2024",11.785468,,
"ITC48","Pavia","UNEM_R","tasso di disoccupazione","9","totale","Y15-34","15-34 anni","2018","2018",13.356367,,
"ITC48","Pavia","UNEM_R","tasso di disoccupazione","9","totale","Y15-34","15-34 anni","2019","2019",11.590461,,
"ITC48","Pavia","UNEM_R","tasso di disoccupazione","9","totale","Y15-34","15-34 anni","2020","2020",11.52398,,
"ITC48","Pavia","UNEM_R","tasso di disoccupazione","9","totale","Y15-34","15-34 anni","2021","2021",13.613053,,
"ITC48","Pavia","UNEM_R","tasso di disoccupazione","9","totale","Y15-34","15-34 anni","2022","2022",11.726511,,
"ITC48","Pavia","UNEM_R","tasso di disoccupazione","9","totale","Y15-34","15-34 anni","2023","2023",9.280432,,
"ITD51","Piacenza","UNEM_R","tasso di disoccupazione","9","totale","Y20-64","20-64 anni","2018","2018",5.55839,,
"ITD51","Piacenza","UNEM_R","tasso di disoccupazione","9","totale","Y20-64","20-64 anni","2019","2019",5.231712,,
"ITD51","Piacenza","UNEM_R","tasso di disoccupazione","9","totale","Y20-64","20-64 anni","2020","2020",5.767815,,
"ITD51","Piacenza","UNEM_R","tasso di disoccupazione","9","totale","Y20-64","20-64 anni","2021","2021",5.7162,,
"ITD51","Piacenza","UNEM_R","tasso di disoccupazione","9","totale","Y20-64","20-64 anni","2022","2022",6.341463,,
"ITD51","Piacenza","UNEM_R","tasso di disoccupazione","9","totale","Y20-64","20-64 anni","2023","2023",6.235629,,
"ITD51","Piacenza","UNEM_R","tasso di disoccupazione","9","totale","Y50-74","50-74 anni","2018","2018",3.19182,,
"ITD51","Piacenza","UNEM_R","tasso di disoccupazione","9","totale","Y50-74","50-74 anni","2019","2019",3.16669,,
"ITD51","Piacenza","UNEM_R","tasso di disoccupazione","9","totale","Y50-74","50-74 anni","2020","2020",3.857226,,
"ITD51","Piacenza","UNEM_R","tasso di disoccupazione","9","totale","Y50-74","50-74 anni","2021","2021",4.793803,,
"ITD51","Piacenza","UNEM_R","tasso di disoccupazione","9","totale","Y50-74","50-74 anni","2022","2022",4.101967,,
"ITD51","Piacenza","UNEM_R","tasso di disoccupazione","9","totale","Y50-74","50-74 anni","2023","2023",4.635345,,
"ITD51","Piacenza","UNEM_R","tasso di disoccupazione","9","totale","Y15-34","15-34 anni","2018","2018",10.173597,,
"ITD51","Piacenza","UNEM_R","tasso di disoccupazione","9","totale","Y15-34","15-34 anni","2019","2019",11.531109,,
"ITD51","Piacenza","UNEM_R","tasso di disoccupazione","9","totale","Y15-34","15-34 anni","2020","2020",11.370016,,
"ITD51","Piacenza","UNEM_R","tasso di disoccupazione","9","totale","Y15-34","15-34 anni","2021","2021",9.778435,,
"ITD51","Piacenza","UNEM_R","tasso di disoccupazione","9","totale","Y15-34","15-34 anni","2022","2022",11.468115,,
"ITD51","Piacenza","UNEM_R","tasso di disoccupazione","9","totale","Y15-34","15-34 anni","2023","2023",10.961929,,
"ITC48","Pavia","UNEM_R","tasso di disoccupazione","9","totale","Y50-74","50-74 anni","2018","2018",3.174316,,
"ITC48","Pavia","UNEM_R","tasso di disoccupazione","9","totale","Y50-74","50-74 anni","2019","2019",3.728031,,
"ITC48","Pavia","UNEM_R","tasso di disoccupazione","9","totale","Y50-74","50-74 anni","2020","2020",3.794105,,
"ITC48","Pavia","UNEM_R","tasso di disoccupazione","9","totale","Y50-74","50-74 anni","2021","2021",2.774884,,
"ITC48","Pavia","UNEM_R","tasso di disoccupazione","9","totale","Y50-74","50-74 anni","2022","2022",4.580984,,
"ITC48","Pavia","UNEM_R","tasso di disoccupazione","9","totale","Y50-74","50-74 anni","2023","2023",2.618102,,
"IT","Italia","UNEM_R","tasso di disoccupazione","9","totale","Y50-74","50-74 anni","2018","2018",6.183469,,
"IT","Italia","UNEM_R","tasso di disoccupazione","9","totale","Y50-74","50-74 anni","2018-Q2","T2-2018",6.517032,,
"IT","Italia","UNEM_R","tasso di disoccupazione","9","totale","Y50-74","50-74 anni","2018-Q1","T1-2018",6.506808,,
"IT","Italia","UNEM_R","tasso di disoccupazione","9","totale","Y50-74","50-74 anni","2018-Q4","T4-2018",6.269856,,
"IT","Italia","UNEM_R","tasso di disoccupazione","9","totale","Y50-74","50-74 anni","2018-Q3","T3-2018",5.439992,,
"IT","Italia","UNEM_R","tasso di disoccupazione","9","totale","Y50-74","50-74 anni","2019","2019",5.758427,,
"IT","Italia","UNEM_R","tasso di disoccupazione","9","totale","Y50-74","50-74 anni","2019-Q1","T1-2019",6.419989,,
"IT","Italia","UNEM_R","tasso di disoccupazione","9","totale","Y50-74","50-74 anni","2019-Q2","T2-2019",5.578676,,
"IT","Italia","UNEM_R","tasso di disoccupazione","9","totale","Y50-74","50-74 anni","2019-Q4","T4-2019",5.864575,,
"IT","Italia","UNEM_R","tasso di disoccupazione","9","totale","Y50-74","50-74 anni","2019-Q3","T3-2019",5.18252,,
"IT","Italia","UNEM_R","tasso di disoccupazione","9","totale","Y50-74","50-74 anni","2020","2020",5.382678,,
"IT","Italia","UNEM_R","tasso di disoccupazione","9","totale","Y50-74","50-74 anni","2020-Q2","T2-2020",4.454363,,
"IT","Italia","UNEM_R","tasso di disoccupazione","9","totale","Y50-74","50-74 anni","2020-Q1","T1-2020",5.535993,,
"IT","Italia","UNEM_R","tasso di disoccupazione","9","totale","Y50-74","50-74 anni","2020-Q3","T3-2020",5.852554,,
"IT","Italia","UNEM_R","tasso di disoccupazione","9","totale","Y50-74","50-74 anni","2020-Q4","T4-2020",5.670088,,
"IT","Italia","UNEM_R","tasso di disoccupazione","9","totale","Y50-74","50-74 anni","2021","2021",5.824169,,
"IT","Italia","UNEM_R","tasso di disoccupazione","9","totale","Y50-74","50-74 anni","2022","2022",5.114949,,
"IT","Italia","UNEM_R","tasso di disoccupazione","9","totale","Y50-74","50-74 anni","2023","2023",4.794334,,
"IT","Italia","UNEM_R","tasso di disoccupazione","9","totale","Y50-74","50-74 anni","2021-Q1","T1-2021",6.128103,,
"IT","Italia","UNEM_R","tasso di disoccupazione","9","totale","Y50-74","50-74 anni","2021-Q2","T2-2021",5.957337,,
"IT","Italia","UNEM_R","tasso di disoccupazione","9","totale","Y50-74","50-74 anni","2021-Q3","T3-2021",5.651772,,
"IT","Italia","UNEM_R","tasso di disoccupazione","9","totale","Y50-74","50-74 anni","2021-Q4","T4-2021",5.569247,,
"IT","Italia","UNEM_R","tasso di disoccupazione","9","totale","Y50-74","50-74 anni","2022-Q1","T1-2022",5.485184,,
"IT","Italia","UNEM_R","tasso di disoccupazione","9","totale","Y50-74","50-74 anni","2022-Q2","T2-2022",4.914729,,
"IT","Italia","UNEM_R","tasso di disoccupazione","9","totale","Y50-74","50-74 anni","2022-Q3","T3-2022",4.897881,,
"IT","Italia","UNEM_R","tasso di disoccupazione","9","totale","Y50-74","50-74 anni","2022-Q4","T4-2022",5.1674,,
"IT","Italia","UNEM_R","tasso di disoccupazione","9","totale","Y50-74","50-74 anni","2023-Q1","T1-2023",5.340401,,
"IT","Italia","UNEM_R","tasso di disoccupazione","9","totale","Y50-74","50-74 anni","2023-Q2","T2-2023",4.979405,,
"IT","Italia","UNEM_R","tasso di disoccupazione","9","totale","Y50-74","50-74 anni","2023-Q3","T3-2023",4.283548,,
"IT","Italia","UNEM_R","tasso di disoccupazione","9","totale","Y50-74","50-74 anni","2023-Q4","T4-2023",4.590861,,
"IT","Italia","UNEM_R","tasso di disoccupazione","9","totale","Y50-74","50-74 anni","2024-Q1","T1-2024",5.069852,,
"IT","Italia","UNEM_R","tasso di disoccupazione","9","totale","Y50-74","50-74 anni","2024-Q2","T2-2024",4.376876,,
"ITD51","Piacenza","UNEM_R","tasso di disoccupazione","9","totale","Y35-49","35-49 anni","2018","2018",5.057118,,
"ITD51","Piacenza","UNEM_R","tasso di disoccupazione","9","totale","Y35-49","35-49 anni","2019","2019",4.425371,,
"ITD51","Piacenza","UNEM_R","tasso di disoccupazione","9","totale","Y35-49","35-49 anni","2020","2020",4.646692,,
"ITD51","Piacenza","UNEM_R","tasso di disoccupazione","9","totale","Y35-49","35-49 anni","2021","2021",4.961667,,
"ITD51","Piacenza","UNEM_R","tasso di disoccupazione","9","totale","Y35-49","35-49 anni","2022","2022",5.656905,,
"ITD51","Piacenza","UNEM_R","tasso di disoccupazione","9","totale","Y35-49","35-49 anni","2023","2023",5.177973,,
"ITC48","Pavia","UNEM_R","tasso di disoccupazione","9","totale","Y15-64","15-64 anni","2018","2018",6.602433,,
"ITC48","Pavia","UNEM_R","tasso di disoccupazione","9","totale","Y15-64","15-64 anni","2019","2019",6.703786,,
"ITC48","Pavia","UNEM_R","tasso di disoccupazione","9","totale","Y15-64","15-64 anni","2020","2020",5.741034,,
"ITC48","Pavia","UNEM_R","tasso di disoccupazione","9","totale","Y15-64","15-64 anni","2021","2021",7.104796,,
"ITC48","Pavia","UNEM_R","tasso di disoccupazione","9","totale","Y15-64","15-64 anni","2022","2022",6.079375,,
"ITC48","Pavia","UNEM_R","tasso di disoccupazione","9","totale","Y15-64","15-64 anni","2023","2023",4.781285,,
"ITD51","Piacenza","UNEM_R","tasso di disoccupazione","9","totale","Y15-64","15-64 anni","2018","2018",5.760752,,
"ITD51","Piacenza","UNEM_R","tasso di disoccupazione","9","totale","Y15-64","15-64 anni","2019","2019",5.740037,,
"ITD51","Piacenza","UNEM_R","tasso di disoccupazione","9","totale","Y15-64","15-64 anni","2020","2020",5.941878,,
"ITD51","Piacenza","UNEM_R","tasso di disoccupazione","9","totale","Y15-64","15-64 anni","2021","2021",6.137914,,
"ITD51","Piacenza","UNEM_R","tasso di disoccupazione","9","totale","Y15-64","15-64 anni","2022","2022",6.539543,,
"ITD51","Piacenza","UNEM_R","tasso di disoccupazione","9","totale","Y15-64","15-64 anni","2023","2023",6.507625,,
